<?xml version="1.0" encoding="UTF-8"?>
<project-private xmlns="http://www.netbeans.org/ns/project-private/1">
    <editor-bookmarks xmlns="http://www.netbeans.org/ns/editor-bookmarks/2" lastBookmarkId="0"/>
    <open-files xmlns="http://www.netbeans.org/ns/projectui-open-files/2">
        <group>
            <file>file:/C:/Users/Acer/Documents/sabil/Semester%203/PBO/NetBeansProjects/projectUap/src/projectuap/Kategori.java</file>
            <file>file:/C:/Users/Acer/Documents/sabil/Semester%203/PBO/NetBeansProjects/projectUap/src/projectuap/Makanan.java</file>
            <file>file:/C:/Users/Acer/Documents/sabil/Semester%203/PBO/NetBeansProjects/projectUap/src/projectuap/ProdukModel.java</file>
            <file>file:/C:/Users/Acer/Documents/sabil/Semester%203/PBO/NetBeansProjects/projectUap/src/projectuap/Barang.java</file>
            <file>file:/C:/Users/Acer/Documents/sabil/Semester%203/PBO/NetBeansProjects/projectUap/src/projectuap/KategoriModel.java</file>
            <file>file:/C:/Users/Acer/Documents/sabil/Semester%203/PBO/NetBeansProjects/projectUap/src/db/DBHelper.java</file>
            <file>file:/C:/Users/Acer/Documents/sabil/Semester%203/PBO/NetBeansProjects/projectUap/src/projectuap/ProjectUap.java</file>
            <file>file:/C:/Users/Acer/Documents/sabil/Semester%203/PBO/NetBeansProjects/projectUap/src/projectuap/Penjualan.java</file>
            <file>file:/C:/Users/Acer/Documents/sabil/Semester%203/PBO/NetBeansProjects/projectUap/src/projectuap/Produk.java</file>
            <file>file:/C:/Users/Acer/Documents/sabil/Semester%203/PBO/NetBeansProjects/projectUap/src/projectuap/ProductCounter.java</file>
        </group>
    </open-files>
</project-private>
